storm_name,timestamp,pressure_range,pressure_jma,pressure_jtwc,pressure_cma,pressure_hko,event_label,short_label
FLO,1990-09-16 21:00:00,37.0,893.0,,930.0,930.0,"FLO
09-16 21:00","FLO
09-16 21:00"
RAMMASUN,2014-07-18 09:00:00,39.0,938.0,924.0,899.0,918.0,"RAMMASUN
07-18 09:00","RAMMASUN
07-18 09:00"
FLO,1990-09-17 00:00:00,40.0,890.0,,930.0,930.0,"FLO
09-17 00:00","FLO
09-17 00:00"
FLO,1990-09-17 03:00:00,40.0,890.0,,930.0,930.0,"FLO
09-17 03:00","FLO
09-17 03:00"
FLO,1990-09-17 06:00:00,40.0,890.0,,930.0,930.0,"FLO
09-17 06:00","FLO
09-17 06:00"
RAMMASUN,2014-07-18 00:00:00,40.0,940.0,926.0,900.0,920.0,"RAMMASUN
07-18 00:00","RAMMASUN
07-18 00:00"
RAMMASUN,2014-07-18 03:00:00,44.0,938.0,922.0,894.0,915.0,"RAMMASUN
07-18 03:00","RAMMASUN
07-18 03:00"
RAMMASUN,2014-07-18 06:00:00,47.0,935.0,918.0,888.0,910.0,"RAMMASUN
07-18 06:00","RAMMASUN
07-18 06:00"
